0,1
Datasets/captcha_images_v2/00788.jpg,00788
Datasets/captcha_images_v2/95730.jpg,95730
Datasets/captcha_images_v2/97000.jpg,97000
Datasets/captcha_images_v2/85556.png,85556
Datasets/captcha_images_v2/30063.jpg,30063
Datasets/captcha_images_v2/86381.jpg,86381
Datasets/captcha_images_v2/07987.jpg,07987
Datasets/captcha_images_v2/95403.jpg,95403
Datasets/captcha_images_v2/81729.jpg,81729
Datasets/captcha_images_v2/08737.jpg,08737
Datasets/captcha_images_v2/63389.jpg,63389
Datasets/captcha_images_v2/56443.jpg,56443
Datasets/captcha_images_v2/49466.png,49466
Datasets/captcha_images_v2/03773.jpg,03773
Datasets/captcha_images_v2/30023.png,30023
Datasets/captcha_images_v2/75393.jpg,75393
Datasets/captcha_images_v2/58439.jpg,58439
Datasets/captcha_images_v2/71722.png,71722
Datasets/captcha_images_v2/91884.png,91884
Datasets/captcha_images_v2/00010.png,00010
Datasets/captcha_images_v2/92398.jpg,92398
Datasets/captcha_images_v2/66938.jpg,66938
Datasets/captcha_images_v2/35398.jpg,35398
Datasets/captcha_images_v2/12552.jpg,12552
Datasets/captcha_images_v2/59643.jpg,59643
Datasets/captcha_images_v2/36578.jpg,36578
Datasets/captcha_images_v2/33512.png,33512
Datasets/captcha_images_v2/67711.png,67711
Datasets/captcha_images_v2/89509.jpg,89509
Datasets/captcha_images_v2/62880.jpg,62880
Datasets/captcha_images_v2/43273.png,43273
Datasets/captcha_images_v2/33843.jpg,33843
Datasets/captcha_images_v2/60954.jpg,60954
Datasets/captcha_images_v2/23444.png,23444
Datasets/captcha_images_v2/22174.png,22174
Datasets/captcha_images_v2/30551.jpg,30551
Datasets/captcha_images_v2/62208.png,62208
Datasets/captcha_images_v2/74367.jpg,74367
Datasets/captcha_images_v2/81324.jpg,81324
Datasets/captcha_images_v2/49613.png,49613
Datasets/captcha_images_v2/72112.jpg,72112
Datasets/captcha_images_v2/92475.jpg,92475
Datasets/captcha_images_v2/19377.jpg,19377
Datasets/captcha_images_v2/56691.jpg,56691
Datasets/captcha_images_v2/54475.png,54475
Datasets/captcha_images_v2/18339.jpg,18339
Datasets/captcha_images_v2/11101.png,11101
Datasets/captcha_images_v2/54891.png,54891
Datasets/captcha_images_v2/43011.jpg,43011
Datasets/captcha_images_v2/82269.jpg,82269
Datasets/captcha_images_v2/19003.jpg,19003
Datasets/captcha_images_v2/27643.jpg,27643
Datasets/captcha_images_v2/64704.jpg,64704
Datasets/captcha_images_v2/60065.jpg,60065
Datasets/captcha_images_v2/76654.jpg,76654
Datasets/captcha_images_v2/05410.jpg,05410
Datasets/captcha_images_v2/72840.jpg,72840
Datasets/captcha_images_v2/90473.jpg,90473
Datasets/captcha_images_v2/37798.png,37798
Datasets/captcha_images_v2/74782.jpg,74782
Datasets/captcha_images_v2/68551.png,68551
Datasets/captcha_images_v2/38612.jpg,38612
Datasets/captcha_images_v2/88078.png,88078
Datasets/captcha_images_v2/56687.png,56687
Datasets/captcha_images_v2/53896.jpg,53896
Datasets/captcha_images_v2/01121.jpg,01121
Datasets/captcha_images_v2/69903.jpg,69903
Datasets/captcha_images_v2/68895.jpg,68895
Datasets/captcha_images_v2/89302.jpg,89302
Datasets/captcha_images_v2/20142.jpg,20142
Datasets/captcha_images_v2/44039.jpg,44039
Datasets/captcha_images_v2/37970.jpg,37970
Datasets/captcha_images_v2/58035.jpg,58035
Datasets/captcha_images_v2/79224.png,79224
Datasets/captcha_images_v2/47396.jpg,47396
Datasets/captcha_images_v2/98808.jpg,98808
Datasets/captcha_images_v2/14044.jpg,14044
Datasets/captcha_images_v2/62709.jpg,62709
Datasets/captcha_images_v2/51612.jpg,51612
Datasets/captcha_images_v2/02258.jpg,02258
Datasets/captcha_images_v2/99376.jpg,99376
Datasets/captcha_images_v2/97146.jpg,97146
Datasets/captcha_images_v2/50145.jpg,50145
Datasets/captcha_images_v2/80950.jpg,80950
Datasets/captcha_images_v2/01172.jpg,01172
Datasets/captcha_images_v2/18163.jpg,18163
Datasets/captcha_images_v2/22256.png,22256
Datasets/captcha_images_v2/96928.jpg,96928
Datasets/captcha_images_v2/67993.png,67993
Datasets/captcha_images_v2/68424.png,68424
Datasets/captcha_images_v2/92465.jpg,92465
Datasets/captcha_images_v2/45451.jpg,45451
Datasets/captcha_images_v2/32107.jpg,32107
Datasets/captcha_images_v2/97236.jpg,97236
Datasets/captcha_images_v2/30746.jpg,30746
Datasets/captcha_images_v2/14414.png,14414
Datasets/captcha_images_v2/70387.jpg,70387
Datasets/captcha_images_v2/24441.png,24441
Datasets/captcha_images_v2/36648.jpg,36648
Datasets/captcha_images_v2/07233.png,07233
Datasets/captcha_images_v2/21084.jpg,21084
Datasets/captcha_images_v2/14527.jpg,14527
Datasets/captcha_images_v2/12340.jpg,12340
Datasets/captcha_images_v2/51268.jpg,51268
Datasets/captcha_images_v2/58141.jpg,58141
Datasets/captcha_images_v2/69107.jpg,69107
Datasets/captcha_images_v2/40722.png,40722
Datasets/captcha_images_v2/48505.jpg,48505
Datasets/captcha_images_v2/72288.png,72288
Datasets/captcha_images_v2/22203.png,22203
Datasets/captcha_images_v2/55485.jpg,55485
Datasets/captcha_images_v2/09057.jpg,09057
Datasets/captcha_images_v2/13767.jpg,13767
Datasets/captcha_images_v2/48054.png,48054
Datasets/captcha_images_v2/25502.png,25502
Datasets/captcha_images_v2/04293.jpg,04293
Datasets/captcha_images_v2/80773.jpg,80773
Datasets/captcha_images_v2/40369.jpg,40369
Datasets/captcha_images_v2/49747.jpg,49747
Datasets/captcha_images_v2/63464.png,63464
Datasets/captcha_images_v2/12843.jpg,12843
Datasets/captcha_images_v2/36687.jpg,36687
Datasets/captcha_images_v2/87185.jpg,87185
Datasets/captcha_images_v2/72224.jpg,72224
Datasets/captcha_images_v2/08028.jpg,08028
Datasets/captcha_images_v2/11697.jpg,11697
Datasets/captcha_images_v2/05379.jpg,05379
Datasets/captcha_images_v2/79699.jpg,79699
Datasets/captcha_images_v2/61066.jpg,61066
Datasets/captcha_images_v2/98103.jpg,98103
Datasets/captcha_images_v2/77094.jpg,77094
Datasets/captcha_images_v2/96850.jpg,96850
Datasets/captcha_images_v2/75025.jpg,75025
Datasets/captcha_images_v2/00180.jpg,00180
Datasets/captcha_images_v2/15333.png,15333
Datasets/captcha_images_v2/48299.jpg,48299
Datasets/captcha_images_v2/2444.jpg,2444
Datasets/captcha_images_v2/17227.png,17227
Datasets/captcha_images_v2/36661.jpg,36661
Datasets/captcha_images_v2/69938.png,69938
Datasets/captcha_images_v2/19829.jpg,19829
Datasets/captcha_images_v2/24787.jpg,24787
Datasets/captcha_images_v2/86419.jpg,86419
Datasets/captcha_images_v2/34613.jpg,34613
Datasets/captcha_images_v2/77161.png,77161
Datasets/captcha_images_v2/51431.jpg,51431
Datasets/captcha_images_v2/93605.jpg,93605
Datasets/captcha_images_v2/00372.png,00372
Datasets/captcha_images_v2/84444.png,84444
Datasets/captcha_images_v2/79223.png,79223
Datasets/captcha_images_v2/31488.jpg,31488
Datasets/captcha_images_v2/08464.jpg,08464
Datasets/captcha_images_v2/83945.jpg,83945
Datasets/captcha_images_v2/12887.jpg,12887
Datasets/captcha_images_v2/35204.png,35204
Datasets/captcha_images_v2/10109.jpg,10109
Datasets/captcha_images_v2/75639.png,75639
Datasets/captcha_images_v2/60047.png,60047
Datasets/captcha_images_v2/35921.jpg,35921
Datasets/captcha_images_v2/28444.png,28444
Datasets/captcha_images_v2/03361.png,03361
Datasets/captcha_images_v2/97986.jpg,97986
Datasets/captcha_images_v2/98189.jpg,98189
Datasets/captcha_images_v2/04835.jpg,04835
Datasets/captcha_images_v2/43308.jpg,43308
Datasets/captcha_images_v2/28078.jpg,28078
Datasets/captcha_images_v2/11656.jpg,11656
Datasets/captcha_images_v2/97609.jpg,97609
Datasets/captcha_images_v2/34746.jpg,34746
Datasets/captcha_images_v2/28210.jpg,28210
Datasets/captcha_images_v2/46600.png,46600
Datasets/captcha_images_v2/49279.jpg,49279
Datasets/captcha_images_v2/89221.jpg,89221
Datasets/captcha_images_v2/33777.png,33777
Datasets/captcha_images_v2/72252.png,72252
Datasets/captcha_images_v2/45948.jpg,45948
Datasets/captcha_images_v2/94668.jpg,94668
Datasets/captcha_images_v2/77923.jpg,77923
Datasets/captcha_images_v2/73143.jpg,73143
Datasets/captcha_images_v2/23723.jpg,23723
Datasets/captcha_images_v2/85599.png,85599
Datasets/captcha_images_v2/12461.jpg,12461
Datasets/captcha_images_v2/92002.jpg,92002
Datasets/captcha_images_v2/37798.jpg,37798
Datasets/captcha_images_v2/06127.jpg,06127
Datasets/captcha_images_v2/88323.jpg,88323
Datasets/captcha_images_v2/73309.png,73309
Datasets/captcha_images_v2/04973.png,04973
Datasets/captcha_images_v2/64921.png,64921
Datasets/captcha_images_v2/70154.jpg,70154
Datasets/captcha_images_v2/26458.jpg,26458
Datasets/captcha_images_v2/25964.png,25964
Datasets/captcha_images_v2/59339.png,59339
Datasets/captcha_images_v2/79910.jpg,79910
Datasets/captcha_images_v2/52883.jpg,52883
Datasets/captcha_images_v2/96777.jpg,96777
Datasets/captcha_images_v2/95081.jpg,95081
Datasets/captcha_images_v2/75116.jpg,75116
Datasets/captcha_images_v2/68489.jpg,68489
Datasets/captcha_images_v2/44999.jpg,44999
Datasets/captcha_images_v2/48883.jpg,48883
Datasets/captcha_images_v2/48289.jpg,48289
Datasets/captcha_images_v2/16244.png,16244
Datasets/captcha_images_v2/77277.png,77277
Datasets/captcha_images_v2/39286.jpg,39286
Datasets/captcha_images_v2/11146.png,11146
Datasets/captcha_images_v2/92809.jpg,92809
Datasets/captcha_images_v2/60773.png,60773
Datasets/captcha_images_v2/89246.jpg,89246
Datasets/captcha_images_v2/49339.png,49339
Datasets/captcha_images_v2/89961.jpg,89961
Datasets/captcha_images_v2/58204.jpg,58204
Datasets/captcha_images_v2/27029.jpg,27029
Datasets/captcha_images_v2/81507.jpg,81507
Datasets/captcha_images_v2/35762.jpg,35762
Datasets/captcha_images_v2/32794.jpg,32794
Datasets/captcha_images_v2/01489.png,01489
Datasets/captcha_images_v2/25895.jpg,25895
Datasets/captcha_images_v2/00078.png,00078
Datasets/captcha_images_v2/24227.jpg,24227
Datasets/captcha_images_v2/11702.png,11702
Datasets/captcha_images_v2/79812.jpg,79812
Datasets/captcha_images_v2/53434.jpg,53434
Datasets/captcha_images_v2/39981.jpg,39981
Datasets/captcha_images_v2/41651.jpg,41651
Datasets/captcha_images_v2/67406.jpg,67406
Datasets/captcha_images_v2/67963.jpg,67963
Datasets/captcha_images_v2/12540.jpg,12540
Datasets/captcha_images_v2/75534.png,75534
Datasets/captcha_images_v2/77855.jpg,77855
Datasets/captcha_images_v2/08158.jpg,08158
Datasets/captcha_images_v2/42148.jpg,42148
Datasets/captcha_images_v2/86441.png,86441
Datasets/captcha_images_v2/80584.png,80584
Datasets/captcha_images_v2/77334.png,77334
Datasets/captcha_images_v2/33359.jpg,33359
Datasets/captcha_images_v2/65534.jpg,65534
Datasets/captcha_images_v2/74662.jpg,74662
Datasets/captcha_images_v2/63057.jpg,63057
Datasets/captcha_images_v2/72172.png,72172
Datasets/captcha_images_v2/51841.jpg,51841
Datasets/captcha_images_v2/91111.png,91111
Datasets/captcha_images_v2/13778.png,13778
Datasets/captcha_images_v2/99060.jpg,99060
Datasets/captcha_images_v2/74403.png,74403
Datasets/captcha_images_v2/28777.png,28777
Datasets/captcha_images_v2/72238.png,72238
Datasets/captcha_images_v2/58689.jpg,58689
Datasets/captcha_images_v2/87249.jpg,87249
Datasets/captcha_images_v2/73020.jpg,73020
Datasets/captcha_images_v2/20979.jpg,20979
Datasets/captcha_images_v2/41964.jpg,41964
Datasets/captcha_images_v2/14527.jpeg,14527
Datasets/captcha_images_v2/19950.jpg,19950
Datasets/captcha_images_v2/80070.jpg,80070
Datasets/captcha_images_v2/33714.jpg,33714
Datasets/captcha_images_v2/48971.png,48971
Datasets/captcha_images_v2/86998.png,86998
Datasets/captcha_images_v2/61732.jpg,61732
Datasets/captcha_images_v2/32441.png,32441
Datasets/captcha_images_v2/29167.jpg,29167
Datasets/captcha_images_v2/62288.png,62288
Datasets/captcha_images_v2/22323.png,22323
Datasets/captcha_images_v2/40992.png,40992
Datasets/captcha_images_v2/09230.png,09230
Datasets/captcha_images_v2/25230.jpg,25230
Datasets/captcha_images_v2/59450.jpg,59450
Datasets/captcha_images_v2/15135.jpg,15135
Datasets/captcha_images_v2/08920.jpg,08920
Datasets/captcha_images_v2/85914.jpg,85914
Datasets/captcha_images_v2/21659.jpg,21659
Datasets/captcha_images_v2/61753.png,61753
Datasets/captcha_images_v2/89559.jpg,89559
Datasets/captcha_images_v2/21441.png,21441
Datasets/captcha_images_v2/90002.png,90002
Datasets/captcha_images_v2/54600.png,54600
Datasets/captcha_images_v2/30883.jpg,30883
Datasets/captcha_images_v2/57266.png,57266
Datasets/captcha_images_v2/48828.png,48828
Datasets/captcha_images_v2/37798.jpeg,37798
Datasets/captcha_images_v2/00541.jpg,00541
Datasets/captcha_images_v2/11201.jpg,11201
Datasets/captcha_images_v2/00593.jpg,00593
Datasets/captcha_images_v2/16842.jpg,16842
Datasets/captcha_images_v2/44423.png,44423
Datasets/captcha_images_v2/54222.png,54222
Datasets/captcha_images_v2/23397.png,23397
Datasets/captcha_images_v2/25640.jpg,25640
Datasets/captcha_images_v2/46136.jpg,46136
Datasets/captcha_images_v2/94149.png,94149
Datasets/captcha_images_v2/98221.png,98221
Datasets/captcha_images_v2/72348.jpg,72348
Datasets/captcha_images_v2/38466.png,38466
Datasets/captcha_images_v2/00717.jpg,00717
Datasets/captcha_images_v2/22159.jpg,22159
Datasets/captcha_images_v2/85215.jpg,85215
Datasets/captcha_images_v2/46843.jpg,46843
Datasets/captcha_images_v2/69246.jpg,69246
Datasets/captcha_images_v2/91415.jpg,91415
Datasets/captcha_images_v2/63295.jpg,63295
Datasets/captcha_images_v2/67768.jpg,67768
Datasets/captcha_images_v2/77763.png,77763
Datasets/captcha_images_v2/29849.jpg,29849
Datasets/captcha_images_v2/87665.jpg,87665
Datasets/captcha_images_v2/69927.png,69927
Datasets/captcha_images_v2/11143.png,11143
Datasets/captcha_images_v2/32166.png,32166
Datasets/captcha_images_v2/63148.jpg,63148
Datasets/captcha_images_v2/89949.png,89949
Datasets/captcha_images_v2/70886.jpg,70886
Datasets/captcha_images_v2/23309.png,23309
Datasets/captcha_images_v2/69883.png,69883
Datasets/captcha_images_v2/74027.jpg,74027
Datasets/captcha_images_v2/77107.png,77107
Datasets/captcha_images_v2/68577.jpg,68577
Datasets/captcha_images_v2/54403.png,54403
Datasets/captcha_images_v2/24820.jpg,24820
Datasets/captcha_images_v2/77068.png,77068
